{
  "C1": {
    "x": -18.75347168266592,
    "y": 25.322021975519494,
    "z": -90.20851609862633
  },
  "C2": {
    "x": -0.926215244788275,
    "y": 21.458969061511358,
    "z": -96.69941228087676
  },
  "C4": {
    "x": 27.814920871058074,
    "y": 26.818461875110046,
    "z": -84.26915933447502
  },
  "C10": {
    "x": 40.7820809822657,
    "y": -50.96436437359391,
    "z": 30.648178900736433
  },
  "C12": {
    "x": 2.8775386587383753,
    "y": -29.4347173745646,
    "z": 92.45932503447854
  },
  "C14": {
    "x": 60.10130901443071,
    "y": 4.9614453553254325,
    "z": 49.67461614434349
  },
  "C17": {
    "x": -20.51302560366315,
    "y": 42.86754715948431,
    "z": 74.94785449694936
  },
  "C18": {
    "x": -23.238617619065117,
    "y": 22.68718855404089,
    "z": -91.21356386931969
  },
  "C19": {
    "x": 22.64807545002083,
    "y": -61.03945702506718,
    "z": 34.354416794886475
  },
  "C24": {
    "x": 11.58257773163224,
    "y": 46.07816184187589,
    "z": 74.81797391705929
  },
  "C27": {
    "x": -13.312100915346662,
    "y": -49.78143112526615,
    "z": -69.17024417044333
  },
  "C28": {
    "x": -11.69353876055319,
    "y": -67.90971697580932,
    "z": -7.938996802017819
  },
  "C30": {
    "x": -13.006046201454076,
    "y": -26.275164897021718,
    "z": -93.94620105630871
  },
  "P2": {
    "x": 19.215900187361125,
    "y": -62.181732726655014,
    "z": -32.14186784459843
  },
  "P4": {
    "x": -35.657520788601055,
    "y": 27.9710326022244,
    "z": 76.95827930116627
  },
  "P7": {
    "x": -8.185921007867186,
    "y": -3.470605684586809,
    "z": -102.55010216948286
  },
  "P8": {
    "x": -66.46932149839104,
    "y": -9.273542762594767,
    "z": -18.535828567856903
  },
  "P10": {
    "x": 0.6828310631378327,
    "y": 9.792625404201432,
    "z": -101.39957686887739
  },
  "P11": {
    "x": -2.9124930249382808,
    "y": 66.77632312797985,
    "z": 18.219602057627224
  }
}